ledger_id,reference,amount,created_at,status,username
L0107-0001,8800251927765412,10000,2026-01-07 09:00:00,SUCCESS,merchant_1
L0107-0002,8800358795474956,10500,2026-01-07 09:05:00,SUCCESS,merchant_1
L0107-0003,8800573895824718,11000,2026-01-07 09:10:00,SUCCESS,merchant_1
L0107-0004,8800591035506434,11500,2026-01-07 09:15:00,SUCCESS,merchant_1
L0107-0005,8800327937035732,12000,2026-01-07 09:20:00,SUCCESS,merchant_1
L0107-0006,8800522706478321,12500,2026-01-07 09:25:00,SUCCESS,merchant_1
L0107-0007,8800448798999933,13000,2026-01-07 09:30:00,SUCCESS,merchant_1
L0107-0008,8800381932303187,13500,2026-01-07 09:35:00,SUCCESS,merchant_1
L0107-0009,8800481289221761,14000,2026-01-07 09:40:00,SUCCESS,merchant_1
L0107-0010,8800472025535698,14500,2026-01-07 09:45:00,SUCCESS,merchant_1
L0107-0011,8800433934937230,15000,2026-01-07 09:50:00,SUCCESS,merchant_1
L0107-0012,8800508810965675,15500,2026-01-07 09:55:00,SUCCESS,merchant_1
L0107-0013,8800440071161834,16000,2026-01-07 10:00:00,SUCCESS,merchant_1
L0107-0014,8800336820754934,16500,2026-01-07 10:05:00,SUCCESS,merchant_1
L0107-0015,8800539375781743,17000,2026-01-07 10:10:00,SUCCESS,merchant_1
L0107-0016,8800431696312527,17500,2026-01-07 10:15:00,SUCCESS,merchant_1
L0107-0017,8800216781809517,18000,2026-01-07 10:20:00,SUCCESS,merchant_1
L0107-0018,8800564670058500,18500,2026-01-07 10:25:00,SUCCESS,merchant_1
L0107-0019,8800475224141678,19000,2026-01-07 10:30:00,SUCCESS,merchant_1
L0107-0020,8800278282248387,19500,2026-01-07 10:35:00,SUCCESS,merchant_1
L0107-0021,8800354436034887,20000,2026-01-07 10:40:00,SUCCESS,merchant_1
L0107-0022,8800177966365706,20500,2026-01-07 10:45:00,SUCCESS,merchant_1
L0107-0023,8800399453000940,21000,2026-01-07 10:50:00,SUCCESS,merchant_1
L0107-0024,8800297339416267,21500,2026-01-07 10:55:00,SUCCESS,merchant_1
L0107-0025,8800336462712855,22000,2026-01-07 11:00:00,SUCCESS,merchant_1
L0107-0026,8800470374499905,22500,2026-01-07 11:05:00,SUCCESS,merchant_1
L0107-0027,8800162063951483,23000,2026-01-07 11:10:00,SUCCESS,merchant_1
L0107-0028,8800472279425754,23500,2026-01-07 11:15:00,SUCCESS,merchant_1
L0107-0029,8800175463162936,24000,2026-01-07 11:20:00,SUCCESS,merchant_1
L0107-0030,8800109002037199,24500,2026-01-07 11:25:00,SUCCESS,merchant_1
