txn_id,account_no,posted_at,description,direction,amount
B0106-0001,0100000002,2026-01-06 09:00:00,TRF 880055551570325 FROM CUSTOMER 1,CR,453000
B0106-0002,0100000001,2026-01-06 09:03:00,INCOMING REF8800206361238567 MA:2,CR,306000
B0106-0003,0100000001,2026-01-06 09:06:00,8800262539050362#PAYMENT FROM CUSTOMER 3,CR,165000
B0106-0004,0100000003,2026-01-06 09:09:00,TRF 8800460378238193 FROM CUSTOMER 4,CR,347000
B0106-0005,0100000001,2026-01-06 09:12:00,INCOMING REF8800230979590354 MA:5,CR,13000
B0106-0006,0100000002,2026-01-06 09:15:00,8800386288292537#PAYMENT FROM CUSTOMER 6,CR,39000
B0106-0007,0100000002,2026-01-06 09:18:00,TRF 8800518667000094 FROM CUSTOMER 7,CR,71000
B0106-0008,0100000001,2026-01-06 09:21:00,INCOMING REF8800197036424475 MA:8,CR,241000
B0106-0009,0100000002,2026-01-06 09:24:00,8800504728107729#PAYMENT FROM CUSTOMER 9,CR,308000
B0106-0010,0100000003,2026-01-06 09:27:00,TRF 8800439208236334 FROM CUSTOMER 10,CR,73000
B0106-0011,0100000002,2026-01-06 09:30:00,INCOMING REF880059752807845 MA:11,CR,407000
B0106-0012,0100000001,2026-01-06 09:33:00,8800154281342660#PAYMENT FROM CUSTOMER 12,CR,86000
B0106-0013,0100000002,2026-01-06 09:36:00,TRF 8800544671688378 FROM CUSTOMER 13,CR,84000
B0106-0014,0100000002,2026-01-06 09:39:00,INCOMING REF8800588248022311 MA:14,CR,492000
B0106-0015,0100000002,2026-01-06 09:42:00,8800380099024680#PAYMENT FROM CUSTOMER 15,CR,74000
B0106-0016,0100000002,2026-01-06 09:45:00,TRF 8800355279698076 FROM CUSTOMER 16,CR,295000
B0106-0017,0100000001,2026-01-06 09:48:00,INCOMING REF8800231314872589 MA:17,CR,159000
B0106-0018,0100000001,2026-01-06 09:51:00,88001723301543#PAYMENT FROM CUSTOMER 18,CR,400000
B0106-0019,0100000002,2026-01-06 09:54:00,TRF 8800334192265796 FROM CUSTOMER 19,CR,252000
B0106-0020,0100000002,2026-01-06 09:57:00,INCOMING REF8800395514789690 MA:20,CR,297000
B0106-0021,0100000001,2026-01-06 10:00:00,880029649392269#PAYMENT FROM CUSTOMER 21,CR,48000
B0106-0022,0100000002,2026-01-06 10:03:00,TRF 8800387169171125 FROM CUSTOMER 22,CR,394000
B0106-0023,0100000001,2026-01-06 10:06:00,INCOMING REF8800173545381740 MA:23,CR,451000
B0106-0024,0100000001,2026-01-06 10:09:00,8800151123954808#PAYMENT FROM CUSTOMER 24,CR,27000
B0106-0025,0100000001,2026-01-06 10:12:00,TRF 8800149806982532 FROM CUSTOMER 25,CR,442000
B0106-0026,0100000002,2026-01-06 10:15:00,INCOMING REF8800352853524784 MA:26,CR,360000
B0106-0027,0100000001,2026-01-06 10:18:00,8800198606290739#PAYMENT FROM CUSTOMER 27,CR,393000
B0106-0028,0100000003,2026-01-06 10:21:00,TRF 8800455625225609 FROM CUSTOMER 28,CR,92000
B0106-0029,0100000003,2026-01-06 10:24:00,INCOMING REF8800426508116140 MA:29,CR,298000
B0106-0030,0100000001,2026-01-06 10:27:00,8800158224304953#PAYMENT FROM CUSTOMER 30,CR,490000
B0106-0031,0100000001,2026-01-06 10:30:00,TRF 880029181276329 FROM CUSTOMER 31,CR,236000
B0106-0032,0100000003,2026-01-06 10:33:00,INCOMING REF8800451755840825 MA:32,CR,221000
B0106-0033,0100000001,2026-01-06 10:36:00,8800123526199068#PAYMENT FROM CUSTOMER 33,CR,182000
B0106-0034,0100000002,2026-01-06 10:39:00,TRF 8800585614773270 FROM CUSTOMER 34,CR,114000
B0106-0035,0100000003,2026-01-06 10:42:00,INCOMING REF88004878346737 MA:35,CR,98000
B0106-0036,0100000003,2026-01-06 10:45:00,8800470973621588#PAYMENT FROM CUSTOMER 36,CR,48000
B0106-0037,0100000001,2026-01-06 10:48:00,TRF 8800194957075143 FROM CUSTOMER 37,CR,25000
B0106-0038,0100000003,2026-01-06 10:51:00,INCOMING REF8800443270520529 MA:38,CR,357000
B0106-0039,0100000002,2026-01-06 10:54:00,8800574108494584#PAYMENT FROM CUSTOMER 39,CR,264000
B0106-0040,0100000001,2026-01-06 10:57:00,TRF 8800229999091865 FROM CUSTOMER 40,CR,232000
B0106-0041,0100000001,2026-01-06 11:10:00,TRF 8800266503198062 FROM CUSTOMER 41,CR,20000
B0106-0042,0100000001,2026-01-06 11:12:00,TRF 8800266503198062 FROM CUSTOMER 42,CR,50000
B0106-0043,0100000001,2026-01-06 11:14:00,TRF 8800266503198062 FROM CUSTOMER 43,CR,20000
B0106-0044,0100000001,2026-01-06 11:16:00,TRF 8800266503198062 FROM CUSTOMER 44,CR,50000
B0106-0045,0100000001,2026-01-06 11:18:00,TRF 8800266503198062 FROM CUSTOMER 45,CR,10000
B0106-0046,0100000001,2026-01-06 11:20:00,TRF 8800266503198062 FROM CUSTOMER 46,CR,10000
B0106-0047,0100000001,2026-01-06 11:22:00,TRF 8800266503198062 FROM CUSTOMER 47,CR,50000
B0106-0048,0100000001,2026-01-06 11:24:00,TRF 8800266503198062 FROM CUSTOMER 48,CR,50000
B0106-0049,0100000001,2026-01-06 11:26:00,TRF 8800266503198062 FROM CUSTOMER 49,CR,20000
B0106-0050,0100000001,2026-01-06 11:28:00,TRF 8800266503198062 FROM CUSTOMER 50,CR,50000
B0106-0051,0100000001,2026-01-06 11:30:00,TRF 8800266503198062 FROM CUSTOMER 51,CR,20000
B0106-0052,0100000001,2026-01-06 11:32:00,TRF 8800266503198062 FROM CUSTOMER 52,CR,50000
B0106-0053,0100000001,2026-01-06 11:50:00,INCOMING REF8800157320436370424242 MA:53,CR,89000
B0106-0054,0100000001,2026-01-06 11:51:00,INCOMING REF8800132747765557424242 MA:54,CR,72000
B0106-0055,0100000002,2026-01-06 11:52:00,INCOMING REF8800380466490046424242 MA:55,CR,39000
B0106-0056,0100000003,2026-01-06 12:00:00,TRF 8800464274827759 FROM CUSTOMER 56,CR,33000
B0106-0057,0100000003,2026-01-06 12:01:00,TRF 8800497238099846 FROM CUSTOMER 57,CR,34000
B0106-0058,0100000003,2026-01-06 12:10:00,TRF 8800121283759543 FROM CUSTOMER 58,CR,480000
B0106-0059,0100000002,2026-01-06 12:20:00,TRF 8800360991089401 FROM CUSTOMER 59,CR,250000
B0106-0060,0100000002,2026-01-06 12:30:00,TRF 8800360991089401 FROM CUSTOMER 60,CR,250000
B0106-0061,0100000002,2026-01-06 12:40:00,TRF 8800360991089401 FROM CUSTOMER 61,CR,250000
B0106-0062,0100000002,2026-01-06 12:50:00,TRF 8800360991089401 FROM CUSTOMER 62,CR,250000
B0106-0063,0100000002,2026-01-06 13:00:00,TRF 8800397068740785 FROM CUSTOMER 63,CR,77000
B0106-0064,0100000003,2026-01-06 13:01:00,TRF 8800419391778294 FROM CUSTOMER 64,CR,78000
B0106-0065,0100000003,2026-01-06 13:10:00,INCOMING REF8800470625750636 MA:65,CR,150000
B0106-A001,0100000001,2026-01-06 09:05:00,MONTHLY ADMIN FEE,DB,15000
B0106-A002,0100000001,2026-01-06 09:06:00,INTEREST CREDIT,CR,1200
B0106-A003,0100000002,2026-01-06 09:07:00,TRF9999900000000001 FROM UNKNOWN,CR,7000
B0106-R001,0100000001,2026-01-06 09:08:00,TRF 88001000000000999 BAD,CR,abc
B0106-0070,0100000003,2026-01-06 13:45:00,trf 8800465965024950 from customer 70,CR,56000
